"","R15-002","R15-006","R15-007","R15-008","R15-009","R15-010(1)","R15-010(2)","R16-003-03","R16-004-01(1)","R16-005-01","R16-006-01","R17-001-02","R17-002-01","R17-002-02","R17-002-03","R17-003-01","R17-004-01","R17-004-03","R17-005-01","R17-007-03","R17-008-02","R18-002-01(1)","R18-002-01(2)","R18-003-02","R18-003-03","R18-004-02","R18-004-03","R18-005-03","R18-006-01","R18-006-03","R18-007-02","R18-007-03","R18-008-01","R18-009-02(1)","R18-009-02(2)","R18-010-01","R18-010-02","R18-010-03","R18-013-01","R18-014-01","R18-015-01","R18-017-01","R18-018-02","R18-019-01","R18-019-02(1)","R18-019-02(2)","R18-020-01","R18-022-03","R18-023-03","R18-024-01","R18-024-02","R18-027-03","R20-002","R20-003","R20-027","R20-027(S)","R20-047","Stem_Canker_2"
"R15-002",NA,0.920539730134933,0.917851500789889,0.926883308714919,0.914166666666667,0.935146443514644,0.919098143236074,0.890392422192152,0.911300919842313,0.89671052631579,0.902102496714849,0.896276595744681,0.895640686922061,0.907894736842105,0.85538752362949,0.876021798365123,0.902013422818792,0.886666666666667,0.896981627296588,0.886519944979367,0.899214659685864,0.871794871794872,0.888275862068965,0.899705014749263,0.891361256544503,0.901333333333333,0.895173453996983,0.869477911646586,0.897250361794501,0.900918635170604,0.887483355525965,0.870810055865922,0.869692532942899,0.894453004622496,0.869969040247678,0.889985895627645,0.903899721448468,0.87757909215956,0.871191135734072,0.892053973013493,0.867724867724868,0.894176136363636,0.880536912751678,0.882853403141361,0.889845094664372,0.884858044164038,0.878048780487805,0.851851851851852,0.897622192866579,0.867043847241867,0.889592123769339,0.883202099737533,0.823846153846154,0.829093799682035,0.794007490636704,0.794166666666667,0.853571428571429,0.845288326300984
"R15-006",NA,NA,0.924764890282132,0.9375,0.919435215946844,0.926940639269406,0.920679886685552,0.902616279069767,0.916197183098592,0.905500705218618,0.901685393258427,0.906695156695157,0.903818953323904,0.908898305084746,0.83984375,0.891618497109827,0.900576368876081,0.901428571428571,0.909985935302391,0.905346820809249,0.904628330995792,0.883720930232558,0.900584795321637,0.910174880763116,0.905329593267882,0.906116642958748,0.883870967741936,0.881428571428571,0.902325581395349,0.915492957746479,0.886819484240688,0.898093841642229,0.887692307692308,0.900793650793651,0.883870967741936,0.907914764079148,0.910104011887073,0.888888888888889,0.879727685325265,0.892913385826772,0.880141843971631,0.894171779141104,0.890489913544669,0.905329593267882,0.902214022140221,0.889067524115756,0.878205128205128,0.846855983772819,0.89645390070922,0.878398791540785,0.913818722139673,0.909985935302391,0.836585365853659,0.840947546531303,0.813609467455621,0.803350970017637,0.859447004608295,0.864599092284418
"R15-007",NA,NA,NA,0.940032414910859,0.935833333333333,0.932,0.93952802359882,0.907012195121951,0.932153392330384,0.925295857988166,0.92120765832106,0.914179104477612,0.92120765832106,0.916911764705882,0.850806451612903,0.905873493975904,0.903787878787879,0.915178571428571,0.924778761061947,0.917043740573152,0.923245614035088,0.891891891891892,0.905120481927711,0.911666666666667,0.906432748538012,0.902777777777778,0.904965753424658,0.87874251497006,0.905405405405405,0.912884333821376,0.890718562874252,0.890337423312883,0.899505766062603,0.912621359223301,0.872186495176849,0.912974683544304,0.914503816793893,0.895672333848532,0.88810641627543,0.896666666666667,0.886094674556213,0.887459807073955,0.892857142857143,0.904239766081871,0.913003663003663,0.890599675850891,0.882890365448505,0.841004184100418,0.911808669656203,0.884136858475894,0.923930269413629,0.909824046920821,0.856666666666667,0.835387323943662,0.833996023856859,0.814678899082569,0.881977671451356,0.870866141732283
"R15-008",NA,NA,NA,NA,0.948695652173913,0.937972768532526,0.918938307030129,0.892273402674591,0.909871244635193,0.894699140401146,0.905,0.895231213872832,0.901011560693642,0.915351506456241,0.852140077821012,0.887240356083086,0.904831625183016,0.896802325581395,0.905270655270655,0.89344262295082,0.904558404558405,0.884671532846715,0.905405405405405,0.914285714285714,0.898148148148148,0.896974063400576,0.898042414355628,0.872434017595308,0.919656786271451,0.909285714285714,0.888646288209607,0.873123123123123,0.880503144654088,0.906451612903226,0.887903225806452,0.903669724770642,0.915545590433483,0.883982035928144,0.878358208955224,0.890302066772655,0.876623376623377,0.888544891640867,0.882096069868996,0.903846153846154,0.911607142857143,0.891376451077944,0.879478827361563,0.851,0.907194244604317,0.873292867981791,0.909298780487805,0.895714285714286,0.840871021775544,0.827160493827161,0.815463917525773,0.789279112754159,0.859276729559748,0.853620955315871
"R15-009",NA,NA,NA,NA,NA,0.938356164383562,0.92879746835443,0.888797364085667,0.916798732171157,0.905405405405405,0.915348101265823,0.88610662358643,0.914808917197452,0.92368839427663,0.846723044397463,0.88780487804878,0.900981996726678,0.904186795491143,0.905705229793978,0.887888707037643,0.906793048973144,0.890145395799677,0.905254777070064,0.901581722319859,0.902843601895735,0.904153354632588,0.905693950177936,0.881028938906752,0.916256157635468,0.914556962025316,0.886762360446571,0.881535947712418,0.88336192109777,0.921901528013582,0.885593220338983,0.909628378378378,0.933554817275748,0.877685950413223,0.877295492487479,0.884955752212389,0.876,0.895408163265306,0.886473429951691,0.900473933649289,0.908829174664108,0.890784982935154,0.883944153577661,0.834763948497854,0.903044871794872,0.873333333333333,0.91304347826087,0.910459587955626,0.843636363636364,0.835551330798479,0.821192052980132,0.800990099009901,0.853700516351119,0.852891156462585
"R15-010(1)",NA,NA,NA,NA,NA,NA,0.925876010781671,0.890161725067385,0.905104712041885,0.898039215686275,0.906735751295337,0.906824146981627,0.901564537157758,0.909090909090909,0.835793357933579,0.873994638069705,0.904227212681638,0.896461336828309,0.89741935483871,0.891034482758621,0.909677419354839,0.882470119521912,0.889192886456908,0.895196506550218,0.887096774193548,0.888157894736842,0.891337386018237,0.865079365079365,0.902635431918009,0.908678756476684,0.880856760374833,0.877464788732394,0.865853658536585,0.899546827794562,0.878086419753086,0.894846796657382,0.90958904109589,0.882195448460509,0.868563685636856,0.885125184094256,0.872229465449804,0.877793296089385,0.872200263504611,0.894193548387097,0.885642737896494,0.892913385826772,0.870870870870871,0.83364312267658,0.896373056994819,0.857043235704324,0.893732970027248,0.893272962483829,0.828506097560976,0.824367088607595,0.818352059925094,0.789735099337748,0.847124824684432,0.848821081830791
"R15-010(2)",NA,NA,NA,NA,NA,NA,NA,0.892193308550186,0.913484486873508,0.910991636798088,0.909199522102748,0.908543922984356,0.919760479041916,0.914880952380952,0.857397504456328,0.89321608040201,0.904466501240695,0.922007255139057,0.910011918951132,0.912688442211055,0.923900118906064,0.896088019559902,0.873283395755306,0.876038781163435,0.902366863905325,0.897094430992736,0.886039886039886,0.886861313868613,0.880566801619433,0.896080760095012,0.885696821515892,0.890102827763496,0.896739130434783,0.892405063291139,0.87624466571835,0.889774236387782,0.904214559386973,0.873248407643312,0.87578814627995,0.89521800281294,0.889354066985646,0.878112712975098,0.885783718104496,0.883431952662722,0.881685575364668,0.897546897546898,0.881983240223464,0.849721706864564,0.881530984204131,0.884020618556701,0.898684210526316,0.898576512455516,0.827800829875519,0.815,0.813223140495868,0.79985119047619,0.850322580645161,0.846301020408163
"R16-003-03",NA,NA,NA,NA,NA,NA,NA,NA,0.913372093023256,0.910138248847926,0.922453703703704,0.90661252900232,0.890625,0.898601398601399,0.858391608391608,0.89940119760479,0.911338962605549,0.89677047289504,0.913573085846868,0.894512195121951,0.899538106235566,0.888366627497062,0.867197062423501,0.875,0.878456221198157,0.872931442080378,0.880851063829787,0.874705882352941,0.865026595744681,0.881199538638985,0.865107913669065,0.870393900889454,0.883006535947712,0.865598885793872,0.862745098039216,0.880577427821522,0.882022471910112,0.879825653798257,0.865408038976857,0.878561736770692,0.8770207852194,0.867912371134021,0.870327102803738,0.881336405529954,0.866830065359477,0.878723404255319,0.867832167832168,0.852941176470588,0.886658795749705,0.868781094527363,0.87741935483871,0.887672811059908,0.849664429530201,0.826330532212885,0.818108974358974,0.809182209469154,0.852977667493797,0.863803680981595
"R16-004-01(1)",NA,NA,NA,NA,NA,NA,NA,NA,NA,0.935340022296544,0.93359375,0.917600896860987,0.911534154535274,0.905756207674944,0.849315068493151,0.910798122065728,0.910211267605634,0.912260967379078,0.934004474272931,0.907142857142857,0.909444444444444,0.898748577929465,0.88339222614841,0.887351778656126,0.901548672566372,0.888762769580023,0.891689373297003,0.885357548240636,0.872924648786718,0.901884700665188,0.877304147465438,0.880195599022005,0.893536121673004,0.890896921017403,0.883108108108108,0.889520202020202,0.894831730769231,0.888424821002387,0.881936245572609,0.8875,0.880022321428571,0.873913043478261,0.885050962627407,0.88716814159292,0.886970172684458,0.879427792915531,0.884097035040431,0.862068965517241,0.886363636363636,0.87910085054678,0.888133498145859,0.907982261640798,0.844072164948454,0.838056680161943,0.825581395348837,0.810754189944134,0.857913669064748,0.855450236966825
"R16-005-01",NA,NA,NA,NA,NA,NA,NA,NA,NA,NA,0.928333333333333,0.9393605292172,0.92769744160178,0.910951327433628,0.858569051580699,0.928321678321678,0.908246225319396,0.923973362930078,0.941860465116279,0.907847800237812,0.922866520787746,0.893415178571429,0.872685185185185,0.876614987080103,0.893478260869565,0.865105908584169,0.871333333333333,0.878483835005574,0.862155388471178,0.890403489640131,0.873868778280543,0.881294964028777,0.889232673267327,0.875984251968504,0.876322751322751,0.877323420074349,0.867334905660377,0.884525205158265,0.883990719257541,0.885658914728682,0.885839736553238,0.86219512195122,0.893451720310766,0.885869565217391,0.86517719568567,0.887182910547397,0.88110964332893,0.860504201680672,0.87890625,0.880071599045346,0.871515151515151,0.900871459694989,0.829936305732484,0.823252688172043,0.82015503875969,0.802197802197802,0.843529411764706,0.848079161816065
"R16-006-01",NA,NA,NA,NA,NA,NA,NA,NA,NA,NA,NA,0.922991071428571,0.913429522752497,0.909040178571429,0.866101694915254,0.91046511627907,0.908826945412311,0.908426966292135,0.925884955752212,0.897252090800478,0.919977924944812,0.895809739524349,0.882730455075846,0.890196078431372,0.903846153846154,0.884009009009009,0.902834008097166,0.88231981981982,0.885931558935361,0.906938325991189,0.887299771167048,0.88,0.882537688442211,0.886904761904762,0.878504672897196,0.885964912280702,0.891408114558473,0.875444839857651,0.883666274970623,0.886571056062581,0.884017758046615,0.882389162561576,0.890765765765766,0.885714285714286,0.87906976744186,0.898921832884097,0.886666666666667,0.864957264957265,0.903607666290868,0.875453446191052,0.892288861689106,0.905837004405286,0.846649484536082,0.819220430107527,0.814528593508501,0.804016620498615,0.86104513064133,0.859411764705882
"R17-001-02",NA,NA,NA,NA,NA,NA,NA,NA,NA,NA,NA,NA,0.917309812568909,0.906215316315205,0.856792144026187,0.926076833527357,0.895522388059702,0.911538461538462,0.931590656284761,0.905357142857143,0.919934640522876,0.890176600441501,0.867511520737327,0.874201787994891,0.889069264069264,0.866814650388457,0.874668435013263,0.882709251101322,0.864764267990074,0.891965255157438,0.868243243243243,0.886579572446556,0.894963144963145,0.872715404699739,0.880577427821522,0.879778051787916,0.871478873239437,0.892316647264261,0.885142857142857,0.88339670468948,0.87919826652221,0.867149758454106,0.887238723872387,0.885822510822511,0.860091743119266,0.881962864721485,0.882161458333333,0.857495881383855,0.880555555555556,0.878220140515222,0.872135102533173,0.898809523809524,0.831841432225064,0.822537112010796,0.826291079812207,0.791609353507565,0.845433255269321,0.848203939745075
"R17-002-01",NA,NA,NA,NA,NA,NA,NA,NA,NA,NA,NA,NA,NA,0.934298440979955,0.866610738255034,0.908932714617169,0.919075144508671,0.922777777777778,0.911666666666667,0.908333333333333,0.913186813186813,0.902575587905935,0.881533101045296,0.878728923476005,0.899017467248908,0.881431767337808,0.885234899328859,0.896436525612472,0.87406015037594,0.900984682713348,0.880113636363636,0.889820359281437,0.905,0.886631716906946,0.889257294429708,0.893125,0.886848341232227,0.890973036342321,0.88631090487239,0.900900900900901,0.897252747252747,0.872860635696821,0.899108138238573,0.890829694323144,0.871165644171779,0.908544726301736,0.901844532279315,0.872268907563025,0.88957399103139,0.887039239001189,0.890243902439024,0.910284463894967,0.841290322580645,0.828187919463087,0.821759259259259,0.802613480055021,0.857142857142857,0.857476635514019
"R17-002-02",NA,NA,NA,NA,NA,NA,NA,NA,NA,NA,NA,NA,NA,NA,0.869601328903654,0.897887323943662,0.922584400465658,0.913504464285714,0.917960088691796,0.901913875598086,0.91034103410341,0.895622895622896,0.886759581881533,0.892347600518807,0.920218579234973,0.890134529147982,0.89622641509434,0.888888888888889,0.878616352201258,0.905908096280088,0.889647326507395,0.881642512077295,0.897243107769424,0.895256916996047,0.901464713715047,0.898125,0.902728351126928,0.890330188679245,0.899532710280374,0.905721716514954,0.894039735099338,0.877600979192167,0.901227678571429,0.90655737704918,0.882668711656442,0.912898936170213,0.889627659574468,0.88034188034188,0.901905829596413,0.887019230769231,0.897058823529412,0.909090909090909,0.845663265306122,0.84136546184739,0.830769230769231,0.815825375170532,0.866430260047281,0.86857476635514
"R17-002-03",NA,NA,NA,NA,NA,NA,NA,NA,NA,NA,NA,NA,NA,NA,NA,0.869337979094077,0.871666666666667,0.859634551495017,0.850506756756757,0.872302158273381,0.86198347107438,0.892092257001647,0.848006644518272,0.86426116838488,0.880913539967374,0.856085526315789,0.867957746478873,0.883415435139573,0.847635726795096,0.864157119476268,0.887335526315789,0.880434782608696,0.889256198347107,0.842857142857143,0.886759581881533,0.860445205479452,0.859454855195911,0.877668308702791,0.888613861386139,0.877326565143824,0.883360522022839,0.863481228668942,0.899180327868852,0.877650897226754,0.864312267657993,0.89336917562724,0.887858347386172,0.882874015748031,0.870033112582781,0.896147403685092,0.859560067681895,0.874388254486134,0.784294234592445,0.791666666666667,0.789405684754522,0.779379157427938,0.799270072992701,0.816876122082585
"R17-003-01",NA,NA,NA,NA,NA,NA,NA,NA,NA,NA,NA,NA,NA,NA,NA,NA,0.891646489104116,0.906286379511059,0.916666666666667,0.914619164619165,0.909143518518518,0.899764150943396,0.859509202453988,0.866206896551724,0.891203703703704,0.864928909952607,0.863247863247863,0.886869871043376,0.846816976127321,0.868757259001161,0.871548619447779,0.896616541353383,0.899608865710561,0.87883008356546,0.876038781163435,0.864721485411141,0.862155388471178,0.89320987654321,0.879854368932039,0.892857142857143,0.899768250289687,0.860858257477243,0.895565927654609,0.872685185185185,0.867047308319739,0.884776536312849,0.885854341736695,0.863957597173145,0.872619047619048,0.889232673267327,0.878886010362694,0.88599537037037,0.826057298772169,0.816951566951567,0.812191103789127,0.795321637426901,0.827284105131414,0.833333333333333
"R17-004-01",NA,NA,NA,NA,NA,NA,NA,NA,NA,NA,NA,NA,NA,NA,NA,NA,NA,0.911149825783972,0.894675925925926,0.905897114178168,0.900921658986175,0.899415204678363,0.875916870415648,0.890146471371505,0.903318077803204,0.881903642773208,0.895138888888889,0.887981330221704,0.874836173001311,0.903559127439724,0.878859857482185,0.881727158948686,0.896774193548387,0.881181318681319,0.876551724137931,0.886100386100386,0.894478527607362,0.888014527845036,0.899038461538462,0.904100529100529,0.88704128440367,0.878616352201258,0.904872389791183,0.902173913043478,0.883386581469649,0.892706872370266,0.889795918367347,0.868421052631579,0.8968347010551,0.876225490196078,0.89125,0.905034324942792,0.838753387533875,0.828125,0.803807947019868,0.803519061583578,0.860696517412935,0.861623616236162
"R17-004-03",NA,NA,NA,NA,NA,NA,NA,NA,NA,NA,NA,NA,NA,NA,NA,NA,NA,NA,0.909192825112108,0.937796208530806,0.934282584884994,0.902113459399333,0.869767441860465,0.872727272727273,0.895081967213115,0.875699888017917,0.883265856950067,0.894766146993318,0.875314861460957,0.884446878422782,0.867463026166098,0.899159663865546,0.911691542288557,0.881422924901186,0.883751651254954,0.879849812265332,0.877817319098458,0.896348645465253,0.892485549132948,0.900128040973111,0.895947426067908,0.867197062423501,0.89922480620155,0.891256830601093,0.873643410852713,0.902013422818792,0.883443708609272,0.863865546218487,0.877665544332211,0.895857988165681,0.881127450980392,0.906010928961749,0.836538461538462,0.822010869565217,0.821372854914197,0.813793103448276,0.84,0.838183934807916
"R17-005-01",NA,NA,NA,NA,NA,NA,NA,NA,NA,NA,NA,NA,NA,NA,NA,NA,NA,NA,NA,0.906586826347305,0.910694597574421,0.889390519187359,0.876312718786464,0.88036410923277,0.900876232201533,0.874719101123596,0.879865771812081,0.884139482564679,0.875474083438685,0.908791208791209,0.881984036488027,0.871065375302663,0.889585947302384,0.885430463576159,0.879839786381842,0.891875,0.882877526753864,0.888561320754717,0.878805620608899,0.888166449934981,0.877212389380531,0.865928659286593,0.884399551066218,0.893209200438116,0.883540372670807,0.886792452830189,0.877659574468085,0.856536502546689,0.879640044994376,0.879518072289157,0.885975609756098,0.913282107574094,0.845559845559846,0.837146702557201,0.829211746522411,0.810344827586207,0.852906287069988,0.862089201877934
"R17-007-03",NA,NA,NA,NA,NA,NA,NA,NA,NA,NA,NA,NA,NA,NA,NA,NA,NA,NA,NA,NA,0.923668639053254,0.902761104441777,0.866834170854271,0.857545839210155,0.892307692307692,0.872289156626506,0.87316715542522,0.895083932853717,0.86468200270636,0.876631079478055,0.870828182941904,0.903225806451613,0.902536715620828,0.868829337094499,0.878340365682138,0.881401617250674,0.873563218390805,0.887261146496815,0.886306532663317,0.903292181069959,0.896797153024911,0.864485981308411,0.897959183673469,0.884615384615385,0.873333333333333,0.894736842105263,0.882014388489209,0.849090909090909,0.880170316301703,0.887626262626263,0.880764163372859,0.898224852071006,0.826685006877579,0.820143884892086,0.813934426229508,0.8,0.834610472541507,0.833754740834387
"R17-008-02",NA,NA,NA,NA,NA,NA,NA,NA,NA,NA,NA,NA,NA,NA,NA,NA,NA,NA,NA,NA,NA,0.888397790055249,0.881278538812785,0.885496183206107,0.892703862660944,0.86963696369637,0.87532981530343,0.878854625550661,0.868518518518518,0.889666307857912,0.874441964285714,0.870414201183432,0.874384236453202,0.877906976744186,0.869818652849741,0.884049079754601,0.881395348837209,0.877456647398844,0.878006872852234,0.875949367088608,0.877573131094258,0.873798076923077,0.881318681318681,0.884656652360515,0.871406959152799,0.898817345597897,0.869960988296489,0.853820598006645,0.890418502202643,0.868698710433763,0.882352941176471,0.897311827956989,0.844458438287154,0.819389110225764,0.832565284178187,0.802845528455285,0.855080831408776,0.854285714285714
"R18-002-01(1)",NA,NA,NA,NA,NA,NA,NA,NA,NA,NA,NA,NA,NA,NA,NA,NA,NA,NA,NA,NA,NA,NA,0.888760139049826,0.903100775193798,0.921686746987952,0.901123595505618,0.900671140939597,0.915830546265329,0.895885286783042,0.9,0.901023890784983,0.920768307322929,0.922360248447205,0.881201044386423,0.919712793733681,0.899500624219725,0.900591715976331,0.904705882352941,0.913494809688581,0.925096030729834,0.920504385964912,0.892900856793146,0.921753607103219,0.910186199342826,0.885736196319018,0.913129973474801,0.912614980289093,0.882207578253707,0.904494382022472,0.916372202591284,0.892204628501827,0.924972617743702,0.828145265888457,0.814890710382514,0.821086261980831,0.791201117318436,0.838671411625148,0.840749414519906
"R18-002-01(2)",NA,NA,NA,NA,NA,NA,NA,NA,NA,NA,NA,NA,NA,NA,NA,NA,NA,NA,NA,NA,NA,NA,NA,0.916993464052288,0.902714932126697,0.913394919168591,0.902040816326531,0.88599537037037,0.903366583541147,0.914027149321267,0.895104895104895,0.880195599022005,0.893939393939394,0.901585204755614,0.883399209486166,0.91143216080402,0.908433734939759,0.891859052247874,0.879061371841155,0.878162450066578,0.880707762557078,0.904494382022472,0.895496535796767,0.901018099547511,0.914542728635682,0.893858477970627,0.896732026143791,0.852891156462585,0.917633410672854,0.883906633906634,0.906716417910448,0.912698412698413,0.846870838881491,0.840365682137834,0.82626427406199,0.802292263610315,0.864355231143552,0.865985576923077
"R18-003-02",NA,NA,NA,NA,NA,NA,NA,NA,NA,NA,NA,NA,NA,NA,NA,NA,NA,NA,NA,NA,NA,NA,NA,NA,0.918136020151133,0.911352040816326,0.901536312849162,0.890322580645161,0.920408163265306,0.928841309823678,0.90979381443299,0.898921832884097,0.896341463414634,0.913669064748201,0.898581560283688,0.910477453580902,0.915575916230366,0.894805194805195,0.895833333333333,0.897058823529412,0.895038167938931,0.895502645502645,0.915057915057915,0.920025188916877,0.90894819466248,0.906528189910979,0.891242937853107,0.880453752181501,0.911616161616162,0.885234899328859,0.906332453825857,0.916666666666667,0.832575757575758,0.829635499207607,0.80952380952381,0.800664451827243,0.858321870701513,0.870771312584574
"R18-003-03",NA,NA,NA,NA,NA,NA,NA,NA,NA,NA,NA,NA,NA,NA,NA,NA,NA,NA,NA,NA,NA,NA,NA,NA,NA,0.916575790621592,0.911879895561358,0.90938864628821,0.896699266503667,0.935432230522946,0.913163716814159,0.920867526377491,0.916463414634146,0.902813299232737,0.905927835051546,0.911907654921021,0.914170506912442,0.906071019473081,0.914301929625426,0.914987405541562,0.924812030075188,0.899404761904762,0.923747276688453,0.929255319148936,0.90881913303438,0.913524057217165,0.915057915057915,0.889344262295082,0.919213973799127,0.911318553092182,0.909036860879905,0.942963752665245,0.838345864661654,0.828269484808454,0.82542113323124,0.804582210242588,0.855747126436782,0.854948805460751
"R18-004-02",NA,NA,NA,NA,NA,NA,NA,NA,NA,NA,NA,NA,NA,NA,NA,NA,NA,NA,NA,NA,NA,NA,NA,NA,NA,NA,0.902796271637816,0.894736842105263,0.913686806411837,0.912568306010929,0.905298759864713,0.904052443384982,0.90272614622057,0.91206675224647,0.88,0.909987669543773,0.916083916083916,0.88556338028169,0.885913853317811,0.889527458492976,0.898678414096916,0.911192214111922,0.897206703910615,0.906761177753544,0.909022556390977,0.893229166666667,0.899737876802097,0.874380165289256,0.9140625,0.885985748218527,0.913438256658596,0.914754098360656,0.829896907216495,0.827469553450609,0.8,0.790972222222222,0.848466981132076,0.858226371061844
"R18-004-03",NA,NA,NA,NA,NA,NA,NA,NA,NA,NA,NA,NA,NA,NA,NA,NA,NA,NA,NA,NA,NA,NA,NA,NA,NA,NA,NA,0.904283801874163,0.896870554765292,0.909031413612565,0.901737967914438,0.898058252427185,0.904727793696275,0.893217893217893,0.892592592592593,0.904827586206897,0.903424657534247,0.903005464480874,0.888211382113821,0.899856938483548,0.897891963109354,0.893939393939394,0.902945113788487,0.904046997389034,0.905645161290323,0.914860681114551,0.898550724637681,0.876811594202899,0.911725955204216,0.899721448467967,0.905737704918033,0.912958115183246,0.827014218009479,0.816528925619835,0.793824701195219,0.796360485268631,0.846372688477952,0.840845070422535
"R18-005-03",NA,NA,NA,NA,NA,NA,NA,NA,NA,NA,NA,NA,NA,NA,NA,NA,NA,NA,NA,NA,NA,NA,NA,NA,NA,NA,NA,NA,0.884519350811486,0.892113910186199,0.900681044267877,0.915584415584416,0.917283950617284,0.873856209150327,0.911417322834646,0.906875,0.894799054373522,0.913551401869159,0.903225806451613,0.909148665819568,0.912472647702407,0.885505481120585,0.910654827968923,0.905021834061135,0.878048780487805,0.913245033112583,0.913725490196078,0.890728476821192,0.902466367713004,0.904593639575972,0.896614268440145,0.914301310043668,0.821520618556701,0.82425068119891,0.813385826771653,0.809027777777778,0.827626918536009,0.842105263157895
"R18-006-01",NA,NA,NA,NA,NA,NA,NA,NA,NA,NA,NA,NA,NA,NA,NA,NA,NA,NA,NA,NA,NA,NA,NA,NA,NA,NA,NA,NA,NA,0.915647921760391,0.889027431421446,0.877922077922078,0.874829931972789,0.909400544959128,0.898884239888424,0.90612516644474,0.909499358151476,0.886804657179819,0.888387096774194,0.88943661971831,0.881627620221948,0.896437994722955,0.89041095890411,0.916870415647922,0.902325581395349,0.896265560165975,0.881780250347705,0.856140350877193,0.914694894146949,0.882314694408322,0.907894736842105,0.900735294117647,0.828737300435414,0.825264750378215,0.813167259786477,0.79153605015674,0.855263157894737,0.858072916666667
"R18-006-03",NA,NA,NA,NA,NA,NA,NA,NA,NA,NA,NA,NA,NA,NA,NA,NA,NA,NA,NA,NA,NA,NA,NA,NA,NA,NA,NA,NA,NA,NA,0.902993348115299,0.885882352941176,0.901468788249694,0.909846547314578,0.895213454075032,0.919805589307412,0.918013856812933,0.895402298850575,0.905466970387244,0.903286978508217,0.899245689655172,0.905840286054827,0.907103825136612,0.932764140875133,0.923766816143498,0.9148244473342,0.89922480620155,0.873146622734761,0.923413566739606,0.894028103044497,0.914677804295943,0.937433155080214,0.851758793969849,0.845238095238095,0.809815950920245,0.803908355795148,0.873847926267281,0.877133105802048
"R18-007-02",NA,NA,NA,NA,NA,NA,NA,NA,NA,NA,NA,NA,NA,NA,NA,NA,NA,NA,NA,NA,NA,NA,NA,NA,NA,NA,NA,NA,NA,NA,NA,0.899404761904762,0.913233458177278,0.892438070404172,0.897757255936675,0.898263027295285,0.912426035502959,0.890995260663507,0.897076023391813,0.903205128205128,0.912290502793296,0.903048780487805,0.913559322033898,0.896570796460177,0.897744360902256,0.913129973474801,0.908015768725361,0.891735537190083,0.901472253680634,0.898910411622276,0.899753997539975,0.903547671840355,0.814304461942257,0.820193637621023,0.808064516129032,0.777934936350778,0.833932853717026,0.837677725118483
"R18-007-03",NA,NA,NA,NA,NA,NA,NA,NA,NA,NA,NA,NA,NA,NA,NA,NA,NA,NA,NA,NA,NA,NA,NA,NA,NA,NA,NA,NA,NA,NA,NA,NA,0.921794871794872,0.884303112313938,0.903508771929825,0.895915678524374,0.894604767879548,0.908808933002481,0.903916768665851,0.909933774834437,0.923349056603774,0.878096479791395,0.919833729216152,0.909730363423212,0.882763975155279,0.896316507503411,0.915540540540541,0.890862944162436,0.887767220902613,0.911471321695761,0.902313624678663,0.915981198589894,0.822128851540616,0.816765578635015,0.811418685121107,0.787650602409639,0.819745222929936,0.835227272727273
"R18-008-01",NA,NA,NA,NA,NA,NA,NA,NA,NA,NA,NA,NA,NA,NA,NA,NA,NA,NA,NA,NA,NA,NA,NA,NA,NA,NA,NA,NA,NA,NA,NA,NA,NA,0.890647482014388,0.901398601398601,0.901464713715047,0.901307189542484,0.911424903722721,0.918663303909206,0.908536585365854,0.928396572827417,0.884105960264901,0.93403205918619,0.898170731707317,0.886762360446571,0.912482065997131,0.921199442119944,0.882402707275804,0.892725030826141,0.916124837451235,0.897786458333333,0.919315403422983,0.815328467153285,0.80625,0.80074487895717,0.7832,0.826231691078562,0.837056504599212
"R18-009-02(1)",NA,NA,NA,NA,NA,NA,NA,NA,NA,NA,NA,NA,NA,NA,NA,NA,NA,NA,NA,NA,NA,NA,NA,NA,NA,NA,NA,NA,NA,NA,NA,NA,NA,NA,0.882142857142857,0.903713892709766,0.913678618857902,0.88492597577389,0.882037533512064,0.891273247496423,0.879198966408269,0.884510869565217,0.897001303780965,0.894501278772379,0.906050955414013,0.895953757225434,0.88,0.86115992970123,0.910273081924577,0.888888888888889,0.925207756232687,0.894871794871795,0.841114457831325,0.83596214511041,0.81651376146789,0.798187808896211,0.864137931034483,0.864993215739484
"R18-009-02(2)",NA,NA,NA,NA,NA,NA,NA,NA,NA,NA,NA,NA,NA,NA,NA,NA,NA,NA,NA,NA,NA,NA,NA,NA,NA,NA,NA,NA,NA,NA,NA,NA,NA,NA,NA,0.892703862660944,0.893243243243243,0.901360544217687,0.899064171122995,0.909154929577465,0.897402597402597,0.87887323943662,0.907601572739187,0.899484536082474,0.876413570274637,0.898561151079137,0.915565345080764,0.875441696113074,0.893280632411067,0.893674293405114,0.896358543417367,0.898578811369509,0.816310975609756,0.824149108589951,0.837686567164179,0.803986710963455,0.828671328671329,0.845994475138122
"R18-010-01",NA,NA,NA,NA,NA,NA,NA,NA,NA,NA,NA,NA,NA,NA,NA,NA,NA,NA,NA,NA,NA,NA,NA,NA,NA,NA,NA,NA,NA,NA,NA,NA,NA,NA,NA,NA,0.911802030456853,0.902671755725191,0.887820512820513,0.886519944979367,0.890184049079755,0.900900900900901,0.892009987515605,0.92041312272175,0.90260736196319,0.904347826086957,0.897382920110193,0.852331606217617,0.913793103448276,0.88135593220339,0.926829268292683,0.921437271619976,0.846098265895954,0.841945288753799,0.836080586080586,0.803317535545024,0.863636363636364,0.872077922077922
"R18-010-02",NA,NA,NA,NA,NA,NA,NA,NA,NA,NA,NA,NA,NA,NA,NA,NA,NA,NA,NA,NA,NA,NA,NA,NA,NA,NA,NA,NA,NA,NA,NA,NA,NA,NA,NA,NA,NA,0.882640586797066,0.89051094890511,0.89894319682959,0.90279394644936,0.894836272040302,0.893617021276596,0.918778801843318,0.916036308623298,0.900815217391304,0.89622641509434,0.872231686541738,0.905516431924883,0.881481481481482,0.920724094881398,0.91743648960739,0.83948087431694,0.838362068965517,0.818181818181818,0.792284866468843,0.860349127182045,0.860049321824908
"R18-010-03",NA,NA,NA,NA,NA,NA,NA,NA,NA,NA,NA,NA,NA,NA,NA,NA,NA,NA,NA,NA,NA,NA,NA,NA,NA,NA,NA,NA,NA,NA,NA,NA,NA,NA,NA,NA,NA,NA,0.896758703481393,0.9053876478318,0.899538106235566,0.883125,0.908401400233372,0.912943871706758,0.88302752293578,0.896005509641873,0.891766268260292,0.879568106312292,0.897435897435897,0.898022249690977,0.901477832512315,0.903559127439724,0.826057298772169,0.823232323232323,0.808080808080808,0.797636632200886,0.838107098381071,0.842980295566502
"R18-013-01",NA,NA,NA,NA,NA,NA,NA,NA,NA,NA,NA,NA,NA,NA,NA,NA,NA,NA,NA,NA,NA,NA,NA,NA,NA,NA,NA,NA,NA,NA,NA,NA,NA,NA,NA,NA,NA,NA,NA,0.911458333333333,0.902272727272727,0.880149812734082,0.915614236509759,0.913734392735528,0.88366718027735,0.900136798905609,0.906291834002677,0.897858319604613,0.902325581395349,0.908212560386473,0.882057716436637,0.911464245175936,0.809041835357625,0.811874105865522,0.8,0.777292576419214,0.829028290282903,0.837393422655298
"R18-014-01",NA,NA,NA,NA,NA,NA,NA,NA,NA,NA,NA,NA,NA,NA,NA,NA,NA,NA,NA,NA,NA,NA,NA,NA,NA,NA,NA,NA,NA,NA,NA,NA,NA,NA,NA,NA,NA,NA,NA,NA,0.917929292929293,0.87940379403794,0.92175572519084,0.908690176322418,0.883440514469453,0.912371134020619,0.90014164305949,0.898637137989779,0.886246786632391,0.908912188728702,0.895582329317269,0.908060453400504,0.807807807807808,0.813001605136437,0.799056603773585,0.790032679738562,0.826474622770919,0.831978319783198
"R18-015-01",NA,NA,NA,NA,NA,NA,NA,NA,NA,NA,NA,NA,NA,NA,NA,NA,NA,NA,NA,NA,NA,NA,NA,NA,NA,NA,NA,NA,NA,NA,NA,NA,NA,NA,NA,NA,NA,NA,NA,NA,NA,0.886418269230769,0.922489082969432,0.907089151450054,0.88821752265861,0.904199475065617,0.907911802853437,0.889983579638752,0.899117971334068,0.911901983663944,0.896158463385354,0.910848549946294,0.824683544303797,0.813502673796791,0.802795031055901,0.79399727148704,0.836426914153132,0.844252873563218
"R18-017-01",NA,NA,NA,NA,NA,NA,NA,NA,NA,NA,NA,NA,NA,NA,NA,NA,NA,NA,NA,NA,NA,NA,NA,NA,NA,NA,NA,NA,NA,NA,NA,NA,NA,NA,NA,NA,NA,NA,NA,NA,NA,NA,0.891463414634146,0.889880952380952,0.897081413210445,0.884670487106017,0.895095367847411,0.85016835016835,0.907496977025393,0.879001280409731,0.891001267427123,0.905131264916468,0.808180535966149,0.807407407407407,0.786842105263158,0.776676829268293,0.834620334620335,0.840304182509506
"R18-018-02",NA,NA,NA,NA,NA,NA,NA,NA,NA,NA,NA,NA,NA,NA,NA,NA,NA,NA,NA,NA,NA,NA,NA,NA,NA,NA,NA,NA,NA,NA,NA,NA,NA,NA,NA,NA,NA,NA,NA,NA,NA,NA,NA,0.913398692810457,0.891502276176024,0.913907284768212,0.919736842105263,0.894563426688633,0.911633109619687,0.911729857819905,0.903284671532847,0.918845315904139,0.814432989690722,0.818367346938776,0.804075235109718,0.781466113416321,0.840212264150943,0.84830805134189
"R18-019-01",NA,NA,NA,NA,NA,NA,NA,NA,NA,NA,NA,NA,NA,NA,NA,NA,NA,NA,NA,NA,NA,NA,NA,NA,NA,NA,NA,NA,NA,NA,NA,NA,NA,NA,NA,NA,NA,NA,NA,NA,NA,NA,NA,NA,0.900597907324365,0.902470741222367,0.892535392535392,0.880327868852459,0.910480349344978,0.895565927654609,0.910225921521998,0.929637526652452,0.845238095238095,0.837516512549538,0.821592649310873,0.799865229110512,0.86264367816092,0.86518771331058
"R18-019-02(1)",NA,NA,NA,NA,NA,NA,NA,NA,NA,NA,NA,NA,NA,NA,NA,NA,NA,NA,NA,NA,NA,NA,NA,NA,NA,NA,NA,NA,NA,NA,NA,NA,NA,NA,NA,NA,NA,NA,NA,NA,NA,NA,NA,NA,NA,0.893322475570033,0.891826923076923,0.857558139534884,0.903614457831325,0.887045813586098,0.902173913043478,0.907046476761619,0.832749562171629,0.840073529411765,0.810840707964602,0.804642166344294,0.860708534621578,0.860979462875197
"R18-019-02(2)",NA,NA,NA,NA,NA,NA,NA,NA,NA,NA,NA,NA,NA,NA,NA,NA,NA,NA,NA,NA,NA,NA,NA,NA,NA,NA,NA,NA,NA,NA,NA,NA,NA,NA,NA,NA,NA,NA,NA,NA,NA,NA,NA,NA,NA,NA,0.905325443786982,0.881981981981982,0.916223404255319,0.903556771545828,0.89662447257384,0.91264667535854,0.825493171471927,0.82794830371567,0.819047619047619,0.795230263157895,0.846590909090909,0.851671309192201
"R18-020-01",NA,NA,NA,NA,NA,NA,NA,NA,NA,NA,NA,NA,NA,NA,NA,NA,NA,NA,NA,NA,NA,NA,NA,NA,NA,NA,NA,NA,NA,NA,NA,NA,NA,NA,NA,NA,NA,NA,NA,NA,NA,NA,NA,NA,NA,NA,NA,0.895979020979021,0.903289473684211,0.901084010840108,0.899188092016238,0.918709677419355,0.818111455108359,0.819805194805195,0.801724137931034,0.777871621621622,0.833333333333333,0.848189415041783
"R18-022-03",NA,NA,NA,NA,NA,NA,NA,NA,NA,NA,NA,NA,NA,NA,NA,NA,NA,NA,NA,NA,NA,NA,NA,NA,NA,NA,NA,NA,NA,NA,NA,NA,NA,NA,NA,NA,NA,NA,NA,NA,NA,NA,NA,NA,NA,NA,NA,NA,0.876026272577997,0.8925,0.864548494983278,0.888524590163934,0.798,0.794759825327511,0.79002624671916,0.77032967032967,0.809742647058823,0.814981949458484
"R18-023-03",NA,NA,NA,NA,NA,NA,NA,NA,NA,NA,NA,NA,NA,NA,NA,NA,NA,NA,NA,NA,NA,NA,NA,NA,NA,NA,NA,NA,NA,NA,NA,NA,NA,NA,NA,NA,NA,NA,NA,NA,NA,NA,NA,NA,NA,NA,NA,NA,NA,0.890214797136038,0.913173652694611,0.921225382932166,0.838064516129032,0.834688346883469,0.814285714285714,0.803894297635605,0.864817001180638,0.864485981308411
"R18-024-01",NA,NA,NA,NA,NA,NA,NA,NA,NA,NA,NA,NA,NA,NA,NA,NA,NA,NA,NA,NA,NA,NA,NA,NA,NA,NA,NA,NA,NA,NA,NA,NA,NA,NA,NA,NA,NA,NA,NA,NA,NA,NA,NA,NA,NA,NA,NA,NA,NA,NA,0.885496183206107,0.9049008168028,0.813969571230982,0.809838472834068,0.800341296928328,0.778189910979229,0.824307304785894,0.829177057356609
"R18-024-02",NA,NA,NA,NA,NA,NA,NA,NA,NA,NA,NA,NA,NA,NA,NA,NA,NA,NA,NA,NA,NA,NA,NA,NA,NA,NA,NA,NA,NA,NA,NA,NA,NA,NA,NA,NA,NA,NA,NA,NA,NA,NA,NA,NA,NA,NA,NA,NA,NA,NA,NA,0.912991656734207,0.84045584045584,0.826836581709145,0.80550621669627,0.802469135802469,0.857235142118863,0.862420382165605
"R18-027-03",NA,NA,NA,NA,NA,NA,NA,NA,NA,NA,NA,NA,NA,NA,NA,NA,NA,NA,NA,NA,NA,NA,NA,NA,NA,NA,NA,NA,NA,NA,NA,NA,NA,NA,NA,NA,NA,NA,NA,NA,NA,NA,NA,NA,NA,NA,NA,NA,NA,NA,NA,NA,0.836683417085427,0.834437086092715,0.827956989247312,0.80472972972973,0.852534562211982,0.858608893956671
"R20-002",NA,NA,NA,NA,NA,NA,NA,NA,NA,NA,NA,NA,NA,NA,NA,NA,NA,NA,NA,NA,NA,NA,NA,NA,NA,NA,NA,NA,NA,NA,NA,NA,NA,NA,NA,NA,NA,NA,NA,NA,NA,NA,NA,NA,NA,NA,NA,NA,NA,NA,NA,NA,NA,0.891089108910891,0.887301587301587,0.862445414847162,0.903184713375796,0.90485312899106
"R20-003",NA,NA,NA,NA,NA,NA,NA,NA,NA,NA,NA,NA,NA,NA,NA,NA,NA,NA,NA,NA,NA,NA,NA,NA,NA,NA,NA,NA,NA,NA,NA,NA,NA,NA,NA,NA,NA,NA,NA,NA,NA,NA,NA,NA,NA,NA,NA,NA,NA,NA,NA,NA,NA,NA,0.885416666666667,0.888467374810319,0.894243641231593,0.890520694259012
"R20-027",NA,NA,NA,NA,NA,NA,NA,NA,NA,NA,NA,NA,NA,NA,NA,NA,NA,NA,NA,NA,NA,NA,NA,NA,NA,NA,NA,NA,NA,NA,NA,NA,NA,NA,NA,NA,NA,NA,NA,NA,NA,NA,NA,NA,NA,NA,NA,NA,NA,NA,NA,NA,NA,NA,NA,0.888157894736842,0.884615384615385,0.882716049382716
"R20-027(S)",NA,NA,NA,NA,NA,NA,NA,NA,NA,NA,NA,NA,NA,NA,NA,NA,NA,NA,NA,NA,NA,NA,NA,NA,NA,NA,NA,NA,NA,NA,NA,NA,NA,NA,NA,NA,NA,NA,NA,NA,NA,NA,NA,NA,NA,NA,NA,NA,NA,NA,NA,NA,NA,NA,NA,NA,0.869806094182826,0.873461012311902
"R20-047",NA,NA,NA,NA,NA,NA,NA,NA,NA,NA,NA,NA,NA,NA,NA,NA,NA,NA,NA,NA,NA,NA,NA,NA,NA,NA,NA,NA,NA,NA,NA,NA,NA,NA,NA,NA,NA,NA,NA,NA,NA,NA,NA,NA,NA,NA,NA,NA,NA,NA,NA,NA,NA,NA,NA,NA,NA,0.917253521126761
"Stem_Canker_2",NA,NA,NA,NA,NA,NA,NA,NA,NA,NA,NA,NA,NA,NA,NA,NA,NA,NA,NA,NA,NA,NA,NA,NA,NA,NA,NA,NA,NA,NA,NA,NA,NA,NA,NA,NA,NA,NA,NA,NA,NA,NA,NA,NA,NA,NA,NA,NA,NA,NA,NA,NA,NA,NA,NA,NA,NA,NA
